prediction;test_price
27.91;28.78
28.22;28.81
28.38;28.14
28.37;28.2
28.01;28.74
27.89;29.0
28.11;28.63
28.45;28.29
28.31;28.28
28.25;28.16
28.1;27.78
28.07;27.72
27.79;27.16
27.66;27.18
27.21;26.64
26.97;26.31
26.59;26.76
26.19;26.45
26.43;26.48
26.29;26.04
26.38;26.02
26.18;25.1
26.1;24.87
25.31;24.53
24.98;24.88
24.68;25.5
24.66;25.02
24.97;25.62
24.79;25.12
25.09;25.66
25.01;26.03
25.21;26.75
25.65;26.96
26.1;26.23
26.37;27.48
26.19;27.67
26.57;28.02
26.85;27.85
27.31;27.94
27.33;28.6
27.42;28.19
27.86;28.34
27.84;28.08
27.74;28.42
27.74;28.15
27.96;28.41
27.83;28.69
27.74;28.69
27.97;28.88
28.04;28.39
28.32;28.27
28.28;28.27
28.14;27.8
28.21;27.6
28.0;27.26
27.65;26.83
27.33;26.57
26.97;27.21
26.46;27.4
26.73;27.33
26.97;26.85
26.98;26.57
26.62;27.67
26.4;27.25
26.96;27.83
26.85;27.95
27.44;27.99
27.38;27.71
27.45;27.37
27.25;27.04
27.04;27.37
26.6;27.84
26.67;27.53
27.07;27.51
26.94;27.25
27.04;27.5
26.89;27.1
27.05;26.91
26.72;27.35
26.6;26.33
26.81;26.21
26.23;26.11
26.14;26.45
25.89;26.85
26.14;27.33
26.64;27.44
27.14;27.3
27.42;27.6
27.38;27.86
27.52;28.23
27.72;28.29
27.94;28.58
27.92;28.29
28.17;29.05
28.07;29.22
28.53;29.04
28.82;29.42
28.77;30.27
29.07;30.15
29.62;29.92
29.68;30.33
29.69;29.95
29.72;30.36
29.43;30.52
29.66;30.45
29.92;30.29
29.79;29.74
29.83;29.36
29.32;29.32
28.81;28.99
28.79;29.35
28.56;29.54
28.8;29.49
28.93;29.31
29.05;29.05
28.85;28.95
28.79;29.97
28.8;30.09
29.2;28.8
29.53;28.95
28.94;29.51
28.78;29.02
29.04;29.0
29.04;29.6
28.83;29.36
29.26;28.88
29.25;28.74
28.86;28.69
28.62;27.86
28.41;28.26
27.86;28.11
28.07;28.34
28.03;27.51
28.16;27.54
27.7;27.22
27.53;27.09
27.21;26.79
26.97;26.96
26.79;26.24
26.86;26.13
26.09;25.77
25.87;25.82
25.59;25.47
25.33;25.39
25.31;25.67
25.23;26.55
25.25;27.22
25.95;26.96
26.63;26.6
26.59;26.53
26.37;27.17
26.29;27.06
26.57;27.13
26.52;26.61
26.64;26.97
26.42;27.63
26.44;26.48
26.85;26.24
26.45;26.49
26.09;27.31
26.21;27.41
26.76;26.97
27.01;27.94
26.8;28.61
27.3;28.06
27.89;27.69
27.64;28.2
27.47;28.35
27.74;27.99
27.97;27.7
27.7;27.76
27.5;27.77
27.37;28.09
27.45;27.57
27.6;27.66
27.23;27.71
27.26;28.43
27.29;28.22
27.7;28.3
27.78;28.36
27.97;27.51
27.82;27.36
27.36;28.72
26.96;28.29
27.84;28.59
27.94;28.74
28.27;29.01
28.39;28.23
28.47;28.36
28.02;28.08
27.88;29.17
27.62;30.0
28.32;28.71
29.0;28.38
28.52;27.72
27.99;28.33
27.6;28.57
27.8;25.94
28.29;26.77
26.59;26.76
26.62;26.14
26.53;25.77
25.96;24.65
25.64;23.18
24.81;22.4
23.69;20.76
22.69;20.1
21.24;23.31
20.37;22.4
22.25;20.39
22.5;21.17
21.26;21.59
21.2;23.16
21.63;22.08
22.62;20.11
22.25;20.41
20.96;19.72
20.68;18.64
19.97;20.86
19.06;20.91
20.02;22.1
20.61;22.6
21.46;21.84
21.9;22.7
21.81;21.14
22.08;19.9
21.39;20.38
20.3;19.26
20.02;19.0
19.45;17.59
19.24;18.89
17.95;18.39
18.58;17.22
18.5;18.03
17.81;17.4
18.32;16.34
17.8;18.42
17.15;19.37
18.17;19.22
18.92;19.63
19.21;19.65
19.7;17.74
19.9;18.72
18.62;19.14
18.84;19.01
19.18;19.86
19.49;21.74
19.92;20.53
21.34;20.68
20.95;20.21
20.76;20.02
20.23;20.16
19.81;21.06
19.97;20.88
20.58;20.21
20.54;19.86
19.93;19.42
19.91;19.35
19.87;19.47
19.62;19.64
19.8;19.01
19.55;19.9
19.05;20.09
19.41;21.18
19.74;20.81
20.67;21.53
20.46;20.52
20.97;20.28
20.53;19.75
20.25;19.36
19.96;18.77
19.69;18.42
19.14;18.91
18.69;19.0
19.06;17.92
19.16;18.8
18.57;18.57
18.76;18.25
18.94;18.47
18.64;18.82
18.61;19.73
18.86;18.82
19.37;18.31
19.45;17.89
18.91;18.26
18.43;16.82
18.35;16.57
17.69;17.22
17.13;17.21
17.25;16.61
17.32;16.38
16.85;16.67
16.71;16.4
16.75;15.8
16.45;15.61
16.42;15.66
16.01;15.52
15.93;15.03
15.59;15.87
15.68;15.37
15.83;14.93
15.61;14.85
15.28;14.21
15.4;14.49
15.04;15.0
15.12;14.16
15.16;14.02
14.71;13.8
14.56;14.71
14.3;14.69
14.87;15.43
15.09;15.17
15.48;15.24
15.64;15.78
15.45;16.04
15.97;15.67
16.32;15.45
15.67;16.75
15.6;16.19
16.42;16.41
16.33;16.88
16.43;16.46
16.75;15.81
16.6;16.08
16.12;16.64
15.99;17.89
16.41;17.71
17.23;17.37
17.7;16.93
17.43;17.14
16.67;17.6
16.73;17.29
17.22;16.84
16.95;17.47
16.92;18.16
17.6;18.05
17.82;17.19
17.85;17.24
17.13;17.18
17.15;17.38
17.2;17.94
17.24;17.48
17.26;17.28
17.52;18.6
17.69;19.39
18.44;19.43
19.01;20.24
19.38;20.5
20.14;22.91
20.56;22.43
21.83;22.54
22.35;21.88
22.51;21.53
21.94;20.9
21.34;20.79
20.55;20.73
20.74;21.44
20.65;21.09
20.76;20.85
21.24;20.57
21.29;20.99
20.8;21.73
20.86;21.14
21.37;21.24
21.19;21.45
21.34;22.16
21.22;22.25
21.87;22.21
22.11;22.26
22.23;22.09
22.3;22.43
22.49;22.43
22.59;22.22
22.63;22.34
22.45;22.19
22.35;21.47
22.51;20.8
21.77;20.97
21.2;21.0
21.17;20.83
21.08;20.06
20.92;20.26
20.47;20.28
20.25;20.85
20.22;20.75
20.54;20.95
20.29;20.66
20.54;20.76
20.52;20.22
20.69;20.44
20.47;19.95
20.27;19.69
20.19;19.95
19.78;19.84
19.7;20.1
19.65;20.46
19.83;21.32
20.28;21.95
20.85;21.7
21.32;22.46
21.75;22.31
22.56;22.47
22.05;23.73
22.07;23.54
23.01;23.42
23.02;23.35
23.38;22.92
23.42;23.22
22.98;22.24
23.03;22.6
22.33;22.7
22.27;22.38
22.65;22.46
22.62;23.63
22.13;23.41
22.84;22.93
23.13;23.22
23.13;23.25
22.91;22.9
23.24;22.22
22.97;22.31
22.2;22.56
22.28;22.92
22.3;23.72
22.62;23.73
23.43;23.79
23.38;23.91
23.45;23.92
23.8;23.77
23.65;23.06
23.66;22.74
23.31;22.49
22.71;22.53
22.72;22.93
22.32;23.27
22.79;23.86
23.25;25.11
23.65;25.16
24.67;24.86
24.79;25.05
24.58;25.12
24.98;25.2
25.01;25.18
24.67;24.79
25.01;25.13
24.7;24.86
24.93;24.77
25.02;24.46
25.0;25.0
24.5;24.74
24.99;24.31
24.87;24.23
24.69;24.09
24.29;24.5
24.24;24.95
24.29;24.94
24.38;25.39
24.76;25.36
25.21;25.36
25.11;25.16
25.27;25.6
25.3;25.88
25.47;26.03
25.86;26.45
25.81;25.99
25.99;25.88
25.78;26.07
25.5;25.58
25.44;25.37
25.22;24.94
25.25;24.12
24.9;24.92
24.39;24.23
24.81;24.27
24.39;24.46
24.03;24.82
24.4;25.68
24.71;25.29
25.29;25.68
25.34;25.78
25.54;25.93
25.73;25.72
25.8;26.95
25.77;27.18
26.56;27.33
27.23;27.16
27.46;26.75
27.39;26.57
26.89;26.99
26.8;26.77
26.94;27.1
26.8;26.87
27.08;26.76
27.13;27.21
27.09;27.26
27.38;26.86
27.52;27.31
27.34;27.45
27.5;27.17
27.72;27.18
27.55;28.03
27.5;28.39
28.19;28.51
28.53;28.82
28.55;29.05
29.01;28.6
29.35;28.62
29.09;29.02
28.86;28.94
28.96;29.05
29.32;28.92
29.13;28.58
29.07;29.0
28.85;28.91
29.11;28.88
29.15;28.72
29.19;28.65
29.02;28.5
29.16;28.51
29.02;28.55
28.85;28.09
28.62;27.6
28.47;28.03
28.04;27.78
28.25;27.41
28.12;27.77
27.8;27.94
27.87;27.42
28.07;26.85
27.84;26.8
27.58;26.57
27.39;26.26
26.97;26.29
26.58;26.47
26.49;26.44
26.77;26.85
26.7;27.54
26.96;26.57
27.5;26.46
26.79;26.4
26.63;26.73
26.62;26.9
26.6;27.01
26.78;26.93
26.76;27.29
26.8;27.64
26.99;27.78
27.37;27.97
27.53;27.87
27.78;27.69
27.8;28.11
27.71;28.09
27.68;27.98
27.93;28.25
27.94;28.55
27.95;28.34
28.13;29.17
28.03;29.75
28.57;29.73
29.2;29.83
29.39;29.85
29.39;30.28
29.33;30.17
29.61;30.2
29.84;30.23
29.91;30.23
29.9;30.26
29.91;30.13
29.73;30.41
29.71;30.46
29.96;30.8
30.24;31.43
30.51;31.63
30.99;31.49
31.34;31.44
31.28;31.27
31.14;31.84
31.02;31.54
31.14;31.77
30.96;31.63
31.04;31.95
31.06;32.44
31.49;32.15
31.97;32.1
31.97;32.42
32.01;32.6
32.03;32.09
32.15;32.4
31.95;32.73
32.07;32.75
32.17;32.94
32.35;32.95
32.59;33.18
32.84;32.53
33.07;32.5
32.81;33.34
32.66;33.0
32.93;33.64
32.82;32.77
33.25;31.65
32.71;30.46
31.68;29.92
30.65;31.61
30.01;32.03
31.0;31.46
31.81;31.12
31.7;30.51
31.52;30.63
30.84;30.21
30.76;29.91
30.52;28.65
30.16;29.44
29.33;29.09
29.41;28.95
29.05;29.62
28.99;30.78
29.41;29.93
30.35;29.85
29.89;31.12
29.64;31.09
30.29;30.17
30.5;29.59
30.1;29.69
29.63;29.5
29.47;30.55
29.28;30.67
29.98;30.39
30.15;31.34
30.09;31.16
30.81;31.41
30.87;31.48
31.07;31.4
31.0;30.77
31.24;30.76
30.7;30.09
30.48;29.99
30.11;29.75
29.97;28.93
29.54;28.21
28.99;28.2
28.3;28.11
28.16;28.41
28.21;29.68
28.49;29.86
29.3;30.23
29.66;30.25
30.04;30.86
29.99;30.67
30.31;30.5
30.4;29.58
30.38;29.83
29.49;29.91
29.57;29.39
29.74;30.09
29.51;30.57
29.61;30.81
29.93;30.7
29.9;30.49
29.8;30.19
29.64;30.17
29.42;30.88
29.49;30.64
29.93;31.2
30.0;31.33
30.59;31.35
30.96;31.49
30.94;31.61
30.92;30.65
31.02;30.44
30.41;30.17
30.25;30.15
29.89;30.24
29.71;30.37
29.72;29.73
29.97;29.6
29.43;29.49
29.3;28.79
29.25;28.76
28.7;28.61
28.47;29.36
28.33;28.97
28.88;29.14
28.85;30.01
28.97;30.37
29.54;31.05
29.92;30.31
30.3;30.31
30.02;30.52
29.77;30.59
29.84;30.69
29.9;30.5
29.92;30.64
29.94;30.6
30.06;30.95
30.2;31.26
30.2;30.9
30.2;30.44
29.96;29.66
29.64;30.08
29.01;29.82
29.19;29.75
29.17;29.57
29.11;29.65
29.06;29.86
29.1;29.68
29.39;30.3
29.37;30.2
29.64;30.37
29.73;30.91
29.86;30.96
30.28;30.88
30.6;31.27
30.54;31.21
30.79;31.24
30.68;31.12
30.77;30.67
30.72;31.01
30.37;31.06
30.58;31.32
30.55;31.76
30.67;32.21
30.95;32.17
31.51;32.7
31.46;32.36
31.77;32.27
31.74;32.34
31.41;32.5
31.49;33.17
31.78;33.32
32.27;33.19
32.78;33.01
32.87;33.13
32.51;32.18
32.46;33.81
31.76;33.36
32.6;33.07
32.6;33.34
32.28;33.66
32.23;33.15
32.64;33.09
32.7;32.35
32.79;33.02
32.51;32.87
32.66;32.62
32.68;32.7
32.34;33.25
32.44;33.44
32.72;33.67
33.03;33.64
33.05;33.43
33.15;33.11
33.26;33.27
32.97;33.19
32.98;33.62
32.65;33.72
33.07;33.46
33.27;33.51
33.06;33.55
32.98;33.56
33.05;33.8
32.87;34.36
33.04;34.14
33.3;33.94
33.31;33.83
33.34;34.05
33.02;33.94
33.06;33.96
33.12;34.24
33.1;35.3
33.2;36.18
33.9;35.9
34.6;35.72
34.68;35.77
34.69;35.67
34.54;35.47
34.74;35.55
34.61;35.58
34.53;35.67
34.42;35.39
34.61;35.47
34.36;35.98
34.21;36.16
34.55;36.09
34.95;35.71
35.06;35.73
34.88;35.18
34.69;35.19
34.32;36.11
34.25;36.66
34.61;36.67
35.03;36.86
35.42;37.07
35.63;37.29
35.71;39.26
36.06;39.22
37.38;39.31
37.87;39.15
37.87;39.02
37.67;39.57
37.48;39.57
37.83;39.44
37.89;38.62
37.87;38.15
37.32;38.41
36.88;38.89
36.82;39.6
37.03;38.93
37.84;39.2
37.63;39.9
37.55;39.43
38.06;38.95
38.09;39.12
37.91;39.04
37.97;38.45
37.82;38.87
37.65;38.25
37.93;37.68
37.55;36.76
37.15;36.91
36.19;37.33
35.85;37.87
36.11;37.52
36.66;38.25
36.71;38.81
37.17;38.91
37.62;38.5
37.75;38.88
37.61;39.25
37.8;39.02
38.16;38.8
38.08;38.6
37.85;38.42
37.71;38.27
37.53;38.07
37.45;37.81
37.19;37.93
36.94;37.69
36.61;37.76
36.08;37.14
36.23;37.59
35.92;37.3
36.27;37.44
36.42;38.07
36.38;38.27
36.79;37.97
37.21;38.33
37.15;38.55
37.03;38.95
37.07;39.02
37.29;39.18
37.56;39.0
37.96;38.59
37.91;38.65
37.64;38.99
37.59;39.02
37.72;39.76
37.86;37.59
38.38;37.65
37.19;37.59
36.64;37.06
36.44;37.13
36.15;37.5
36.14;37.47
36.21;37.58
36.39;37.27
36.37;37.21
36.11;37.24
36.0;37.11
35.81;37.59
35.94;37.69
36.36;36.58
36.42;36.27
35.8;35.66
35.31;35.67
34.75;35.63
34.56;35.52
34.42;35.65
34.4;34.86
34.3;34.74
33.72;34.94
33.59;34.76
33.82;34.42
33.84;34.44
33.67;34.62
33.4;35.11
33.56;34.69
33.86;34.24
33.72;34.03
33.55;34.47
33.32;34.33
33.5;34.72
33.48;35.35
33.79;35.96
34.35;36.19
35.01;35.83
35.02;35.98
34.84;36.14
34.89;35.51
34.8;35.45
34.4;35.82
34.29;35.84
34.48;35.56
34.54;35.09
34.41;35.8
33.9;35.64
34.4;36.89
34.42;36.81
35.16;36.73
35.36;36.68
35.34;35.78
35.36;35.67
34.78;34.97
34.37;34.81
33.94;33.47
33.66;33.89
32.78;32.01
32.92;31.85
31.72;29.91
31.29;31.42
29.85;28.56
30.39;29.08
28.84;29.96
28.81;30.47
28.91;30.26
29.46;30.21
29.37;29.47
29.75;28.84
29.43;28.99
28.77;29.07
28.53;29.44
28.56;28.98
28.82;29.34
28.67;30.02
28.61;30.41
28.87;30.84
29.27;30.22
29.51;29.39
29.36;28.76
28.82;29.54
28.02;28.93
28.45;28.11
28.18;28.33
27.75;28.48
27.69;29.24
27.62;29.83
28.24;29.8
28.82;29.44
28.92;29.26
28.84;28.32
28.72;26.76
28.12;27.01
27.14;27.44
26.9;28.21
27.0;27.6
27.31;27.75
27.28;27.31
27.58;26.26
27.45;27.04
26.62;28.53
26.75;29.0
27.89;28.7
28.42;29.88
28.37;29.53
29.08;30.57
28.95;30.38
29.45;31.21
29.6;30.23
30.11;30.73
29.8;30.43
29.97;30.64
29.7;31.84
29.71;32.03
30.48;31.25
30.98;31.74
30.5;32.85
30.82;32.79
31.45;31.58
31.56;30.42
30.82;30.85
30.22;31.72
30.42;31.47
31.1;31.83
30.97;31.95
31.13;30.6
31.01;31.36
30.32;33.23
30.55;32.7
31.81;33.0
32.02;32.17
32.05;31.83
31.66;32.26
31.36;31.08
31.79;30.8
31.02;30.24
30.67;30.34
29.86;30.85
29.84;30.79
30.07;32.46
30.14;32.59
31.07;33.15
31.33;33.45
31.9;33.35
32.06;33.59
32.24;32.52
32.32;33.1
31.68;33.18
31.62;32.9
31.79;32.37
31.66;32.4
31.6;32.52
31.52;31.99
31.28;33.3
30.86;33.39
31.5;34.02
31.64;34.71
32.06;34.63
32.92;34.29
33.13;34.72
32.85;34.52
33.43;35.27
33.67;35.77
34.5;36.37
34.83;36.74
35.1;36.6
35.52;36.49
35.36;35.63
35.44;35.66
34.88;35.35
34.58;35.43
34.29;35.92
34.11;36.31
34.56;36.19
35.08;36.14
35.25;36.14
35.22;36.42
35.3;36.23
35.4;36.14
35.48;35.9
35.29;35.81
34.84;36.21
34.63;35.82
34.81;36.83
34.47;37.25
35.01;37.73
35.42;38.0
35.91;38.23
36.12;38.16
36.69;38.47
36.62;38.3
36.78;37.98
36.71;38.24
36.66;38.44
36.63;38.27
36.67;38.0
36.76;38.19
36.6;38.03
36.71;38.34
36.69;38.6
36.9;38.66
37.21;39.03
37.33;39.0
37.89;39.31
37.8;38.67
37.89;38.44
37.31;38.69
37.06;38.89
37.03;38.98
37.52;40.52
37.38;40.03
38.48;40.02
38.58;39.76
38.65;39.99
38.4;39.81
38.36;39.84
38.21;39.86
38.01;40.19
38.12;40.86
38.08;40.65
38.69;40.06
38.65;39.6
38.39;40.31
38.02;40.36
38.53;39.86
38.32;39.52
38.07;39.66
37.65;38.77
37.61;37.74
37.07;38.09
36.4;38.81
36.21;38.53
36.81;38.35
36.95;39.29
37.08;39.12
37.57;38.74
37.76;38.99
37.57;38.68
37.48;38.83
37.21;39.31
37.38;39.92
37.57;39.91
37.95;39.69
38.26;40.32
38.36;40.09
39.08;40.33
38.84;39.52
38.69;40.34
38.13;40.79
38.44;41.45
38.78;41.69
39.1;41.95
39.57;41.59
39.9;41.44
39.87;41.5
39.71;40.81
39.76;40.33
39.45;40.87
38.78;40.87
38.83;40.7
38.99;40.91
39.02;40.97
38.93;41.87
38.9;41.61
39.58;42.08
39.69;40.88
39.84;40.89
39.06;41.28
39.11;41.92
39.28;42.01
39.89;42.57
39.96;42.17
40.7;42.7
40.79;42.56
41.27;43.44
41.49;43.35
41.93;43.36
41.87;43.74
41.61;43.94
41.97;43.64
42.01;43.7
42.17;42.99
42.09;43.55
41.53;44.07
41.83;44.03
42.28;44.65
42.6;44.85
42.84;44.73
43.16;44.29
43.25;44.23
42.97;44.19
42.69;43.6
42.75;43.52
42.24;43.65
41.85;44.37
41.79;44.06
42.3;45.43
42.45;45.43
43.36;45.1
43.73;44.73
43.49;44.17
42.99;44.34
42.52;44.47
42.4;45.77
42.46;45.98
43.14;45.85
43.56;45.24
43.54;44.95
43.29;45.09
43.24;45.82
43.36;45.71
43.68;45.86
43.67;46.48
43.74;46.0
44.14;45.71
43.93;45.9
43.55;45.75
43.49;45.93
43.11;46.26
43.11;46.46
43.54;46.45
43.92;45.7
44.12;45.72
43.69;45.27
43.4;45.63
43.15;45.69
43.52;45.69
43.55;46.07
43.21;45.5
43.25;45.54
42.85;45.72
43.0;46.76
43.17;47.75
44.2;47.63
44.92;47.43
45.11;47.47
45.04;47.6
44.88;48.43
44.81;48.2
45.32;48.01
45.26;47.78
44.92;48.52
45.06;48.48
45.33;48.56
45.52;48.72
45.5;48.37
45.72;47.82
45.45;48.41
44.73;48.13
45.13;47.94
45.16;47.54
45.17;48.31
44.78;48.45
45.21;48.77
45.57;48.18
45.99;47.42
45.75;47.15
45.02;46.35
44.51;46.58
43.86;46.76
43.8;47.17
43.92;48.14
44.07;48.26
44.72;47.78
44.79;47.68
44.63;46.73
44.79;46.63
44.29;46.27
43.95;46.11
43.58;45.22
43.57;45.83
42.95;45.9
42.97;46.33
42.84;46.47
43.0;46.11
43.09;46.07
42.97;43.33
42.83;43.69
41.27;44.15
40.92;43.43
41.02;43.7
40.88;43.66
41.01;44.11
41.21;44.6
41.23;44.82
41.51;45.35
41.82;45.14
42.15;44.74
42.03;45.3
41.76;45.78
42.06;45.72
42.43;45.38
42.61;45.39
42.22;45.66
42.1;45.86
42.15;46.03
42.16;46.09
42.37;46.25
42.58;46.4
42.85;45.91
43.14;45.5
42.82;46.07
42.42;46.95
42.52;46.68
42.81;47.61
42.8;46.74
43.35;46.63
43.22;46.6
43.05;46.3
43.2;45.95
42.93;46.54
42.83;47.77
43.13;47.87
43.74;48.79
43.78;47.65
44.19;47.45
43.88;47.47
43.55;47.48
43.45;47.28
43.79;47.29
43.82;47.76
43.87;48.17
43.92;48.99
44.25;48.93
44.64;49.29
44.76;50.43
44.91;50.43
45.58;50.83
45.81;50.82
46.14;50.47
46.52;50.28
46.13;50.37
46.07;51.03
46.08;50.39
46.25;50.75
46.05;50.97
46.32;50.82
46.32;51.1
46.19;51.18
46.24;51.37
46.55;51.38
46.69;51.3
46.77;51.98
46.69;52.1
47.25;51.04
47.38;50.64
46.97;50.71
46.71;50.1
46.72;50.39
46.56;50.93
46.5;51.03
46.71;51.72
46.71;52.16
46.89;52.8
47.23;52.69
47.73;52.65
47.84;53.65
48.0;53.9
48.3;53.39
48.62;53.6
48.55;53.98
48.51;53.83
48.62;53.12
48.57;52.64
48.07;53.23
47.52;52.64
47.71;53.08
47.41;52.54
47.56;52.94
47.29;52.79
47.67;53.1
47.58;52.99
47.66;53.71
47.84;53.52
48.3;53.83
48.38;53.94
48.8;54.98
49.06;55.28
49.87;56.19
50.0;56.6
50.59;56.6
50.84;55.04
50.79;56.79
49.85;56.72
50.62;56.08
50.7;57.55
50.42;57.97
50.97;58.51
51.49;57.9
51.83;57.96
51.84;57.84
51.81;58.89
51.56;58.74
51.88;59.09
51.83;59.71
51.96;60.57
52.35;60.82
53.04;61.76
53.4;61.69
54.23;62.32
54.43;62.82
54.95;62.93
55.17;63.07
54.95;63.26
54.88;62.14
54.92;62.24
54.41;61.81
54.43;61.54
54.25;61.29
54.03;60.98
53.7;61.22
53.81;62.34
53.75;61.94
54.4;60.43
54.43;58.97
53.52;59.64
52.39;60.15
52.55;59.0
52.75;59.02
52.52;60.62
52.39;59.67
53.1;59.64
52.93;58.88
52.84;60.11
52.48;59.64
52.92;60.28
52.53;61.03
52.62;60.14
52.94;57.94
52.62;58.64
51.68;58.37
51.68;58.49
51.23;59.09
51.47;59.57
51.64;59.03
52.13;59.76
51.74;59.14
51.99;59.46
51.83;59.66
51.87;60.49
52.09;60.71
52.97;60.68
53.29;62.24
53.33;62.61
53.91;61.63
54.32;60.79
54.03;61.1
53.44;61.53
53.09;60.91
53.36;60.2
53.11;60.25
52.74;60.43
52.55;60.34
52.48;60.74
52.55;60.4
52.64;60.0
52.47;60.43
52.46;61.1
52.73;62.17
53.19;61.72
54.02;62.68
54.04;61.61
54.47;61.46
53.72;60.51
53.57;59.76
53.08;59.81
52.48;59.79
52.14;58.31
52.12;58.12
51.32;57.8
51.08;57.85
51.15;57.15
51.09;57.62
50.56;57.7
51.01;57.35
50.9;56.73
50.69;56.84
50.42;57.1
50.41;56.86
50.49;56.96
50.64;57.13
50.82;57.3
51.35;57.39
51.4;57.57
51.38;58.73
51.5;59.77
51.69;61.22
52.29;62.34
53.52;62.58
54.54;62.61
54.98;62.73
54.96;61.43
55.07;60.77
54.58;60.53
53.89;60.13
53.31;60.25
52.85;60.99
52.62;60.94
53.24;60.28
53.44;60.6
53.17;60.65
53.21;59.85
52.81;61.04
52.22;60.38
52.71;59.83
52.61;59.44
52.32;61.3
52.32;61.89
53.22;62.47
53.8;62.11
54.17;62.02
54.26;62.09
54.07;62.77
53.52;63.2
53.64;64.5
53.86;63.68
54.51;64.55
53.97;64.74
54.28;64.5
54.59;64.43
54.54;64.01
54.7;64.12
54.72;64.51
54.79;64.32
55.19;64.36
55.27;64.5
55.01;62.77
55.03;64.11
54.34;63.88
54.52;63.35
54.45;64.47
54.27;65.45
54.86;65.44
55.4;64.97
55.85;64.61
55.84;64.72
55.86;65.38
55.66;65.62
56.04;65.19
56.23;66.54
55.95;66.16
56.37;65.94
56.39;66.29
56.12;65.34
56.33;65.41
55.98;65.65
55.86;66.8
55.88;66.47
56.56;66.9
56.61;65.92
56.74;65.89
55.98;65.88
55.83;66.73
55.91;66.87
56.24;68.33
56.56;69.05
57.33;68.51
57.57;69.35
57.63;69.89
58.2;70.62
58.38;70.36
58.73;72.14
58.71;72.3
59.4;72.18
59.81;72.03
59.86;71.75
59.84;72.24
59.59;71.18
59.67;70.88
59.43;71.34
59.08;69.34
59.31;70.45
58.51;70.29
58.64;70.23
58.56;70.01
58.71;70.22
58.76;71.27
58.58;70.78
58.96;68.82
58.9;68.37
58.15;68.97
57.68;67.5
57.68;69.29
57.22;68.71
57.61;66.23
57.53;67.24
56.18;67.91
56.11;71.51
56.53;71.61
58.27;72.92
58.99;73.62
59.88;73.73
60.13;73.72
60.39;74.98
60.39;75.31
60.86;74.64
61.16;74.94
61.01;75.83
60.7;76.4
61.16;75.91
61.17;75.78
61.17;76.16
61.09;76.47
61.22;75.2
61.38;77.33
60.99;78.24
61.56;78.87
61.95;77.8
62.38;77.57
62.2;76.7
62.31;77.01
62.03;75.64
62.07;75.77
61.45;77.02
61.25;77.59
61.57;76.2
61.79;76.47
61.15;76.04
61.07;75.22
61.08;75.28
60.53;74.4
60.44;74.27
60.3;74.75
59.96;75.77
60.46;77.19
61.01;77.29
62.06;77.31
62.33;76.11
62.5;74.88
61.86;75.3
60.95;76.15
60.55;73.35
60.84;72.88
59.93;73.45
59.3;73.49
59.57;74.71
59.7;75.7
60.17;74.86
61.07;75.19
61.03;75.25
61.24;75.32
61.17;74.03
61.06;73.61
60.6;74.42
60.57;75.08
61.2;75.29
61.59;76.0
62.01;76.86
62.34;76.68
62.87;75.98
62.82;77.22
62.29;77.55
62.96;78.0
63.21;77.68
63.47;76.58
63.23;75.85
62.85;76.08
62.14;76.7
62.14;76.74
62.2;77.78
62.24;77.93
62.82;78.85
62.74;79.25
62.98;79.11
63.53;79.52
63.33;79.5
63.16;79.75
62.85;79.38
62.82;79.72
63.0;80.23
63.29;80.07
63.66;80.89
63.94;80.2
63.91;79.79
63.77;78.36
63.88;78.36
63.21;78.83
62.86;78.7
62.92;79.09
63.09;79.27
63.36;78.38
63.6;78.32
63.52;78.24
63.56;79.4
63.65;79.92
64.5;80.72
64.91;81.14
65.21;81.83
65.46;81.8
65.79;82.18
65.78;81.94
66.0;81.25
65.83;82.54
65.7;82.2
65.9;82.23
66.06;82.1
66.01;81.53
65.57;80.77
65.23;80.47
64.92;81.21
64.68;81.14
64.78;81.58
64.79;81.42
64.77;82.14
64.66;81.6
65.01;82.47
64.87;81.57
65.11;82.53
64.63;81.27
65.0;80.8
64.71;82.56
64.35;82.09
65.07;81.94
64.84;80.92
64.56;82.19
63.79;82.8
64.1;82.53
64.4;82.9
64.44;83.85
64.59;84.49
64.94;85.14
65.49;85.26
66.04;85.02
66.28;85.53
66.57;85.63
66.7;85.53
66.97;85.19
66.93;85.52
66.64;85.39
66.67;85.06
66.46;85.93
66.06;86.06
66.15;85.3
66.47;86.06
66.19;85.7
66.65;84.79
66.24;84.72
65.97;85.14
65.9;84.86
66.04;85.25
66.05;85.43
66.42;85.48
66.6;85.49
66.57;85.63
66.31;84.5
66.29;83.57
66.04;84.65
65.51;83.34
65.5;83.98
65.04;84.06
65.23;84.25
65.69;82.79
65.85;82.13
65.37;83.7
65.01;83.81
65.47;82.44
65.73;83.38
65.31;81.11
65.72;81.64
64.81;79.41
64.73;79.62
63.73;77.68
63.69;77.35
62.69;79.33
62.12;80.93
62.82;82.84
63.66;82.43
64.73;83.27
65.0;83.85
65.44;83.7
65.72;85.1
65.25;84.73
66.1;85.38
66.18;86.48
66.63;86.79
67.01;85.5
67.27;86.12
66.38;87.06
66.05;85.17
66.09;84.96
65.15;85.15
64.87;85.08
64.58;85.63
64.32;85.93
64.79;85.56
65.41;85.44
65.48;85.0
65.67;84.13
65.25;84.19
64.68;85.72
64.73;86.73
65.29;86.99
66.25;87.55
66.41;87.73
66.64;88.45
66.92;88.11
67.07;88.23
66.85;88.73
66.72;88.77
66.9;87.95
66.77;86.71
66.55;87.93
66.1;87.68
66.6;87.12
66.75;86.42
66.54;87.58
66.17;88.75
65.96;89.02
66.58;90.28
66.81;90.75
67.31;90.49
67.58;91.07
67.62;91.52
67.67;90.76
67.76;90.27
67.92;89.85
67.92;88.53
67.44;88.06
66.66;88.96
66.46;89.88
66.86;90.33
67.04;90.53
67.29;91.23
67.56;90.31
67.53;90.42
67.26;91.22
67.12;90.8
67.61;90.25
68.21;91.19
68.27;90.78
68.47;91.02
68.49;90.06
68.96;88.81
68.65;89.34
67.98;87.17
67.69;88.1
66.72;90.18
66.62;97.06
67.21;98.37
70.09;97.77
71.41;97.49
71.41;97.68
71.18;97.63
71.2;99.27
71.25;99.83
71.9;99.78
72.02;99.54
71.93;99.56
71.61;100.2
71.47;100.62
71.63;100.31
72.07;101.17
72.01;100.21
72.19;99.75
71.78;101.48
71.45;101.92
72.38;101.17
73.1;100.66
73.1;99.5
73.14;100.88
72.73;98.8
73.04;98.61
72.52;102.71
72.42;102.01
73.51;102.9
73.55;102.51
73.78;103.47
73.62;102.9
73.87;103.92
73.48;103.71
73.62;102.65
73.75;100.63
73.63;100.86
72.85;101.09
72.57;101.7
72.54;100.52
73.19;101.05
72.86;101.59
72.88;101.23
73.12;101.04
72.68;101.93
72.45;102.32
72.85;102.5
73.38;102.08
73.59;102.22
73.7;102.53
73.93;103.6
74.21;102.25
74.76;103.71
74.35;103.2
74.76;103.45
74.31;104.46
74.03;104.97
74.38;105.57
74.58;105.34
74.66;105.24
74.7;104.19
74.73;105.92
74.28;106.41
74.84;106.2
75.19;105.15
75.43;104.71
75.13;105.53
74.83;104.08
74.98;104.69
74.37;104.64
74.22;105.35
73.92;105.71
74.2;105.74
74.29;105.96
74.68;105.61
74.63;105.79
74.43;105.67
74.65;104.88
74.77;105.77
74.58;105.93
74.46;105.77
74.31;106.34
74.1;106.14
74.15;106.54
74.22;105.71
74.2;105.71
74.28;104.74
74.18;104.0
74.08;105.42
74.08;106.01
74.76;105.37
74.99;105.59
75.01;106.44
74.9;106.85
74.95;108.51
75.29;107.93
75.96;108.8
76.46;109.65
76.71;109.03
76.92;109.68
76.92;110.2
77.06;108.34
77.25;109.39
77.01;110.98
77.12;110.82
77.63;111.53
77.55;112.88
77.76;111.04
78.46;111.43
77.88;112.24
77.71;113.79
77.54;113.6
77.85;114.03
78.03;114.78
78.17;114.57
78.59;115.27
78.99;115.01
79.42;115.03
79.38;114.52
79.48;114.62
79.02;113.99
78.94;114.19
78.51;115.52
78.3;115.7
78.6;115.67
78.83;116.75
79.08;117.3
79.29;106.54
79.61;104.64
76.24;105.41
74.92;107.0
74.65;104.11
75.2;103.13
74.73;103.64
74.95;103.3
74.65;105.12
74.29;103.08
74.85;102.61
74.6;96.41
74.82;95.28
73.01;91.92
71.71;92.43
70.27;95.65
70.45;98.49
72.08;98.78
73.62;98.21
73.84;95.92
73.54;98.22
72.45;98.31
72.33;97.33
72.66;100.26
72.69;98.23
73.59;98.9
72.64;100.71
72.33;100.08
72.98;99.7
73.5;100.21
73.72;100.44
73.1;99.13
73.22;99.68
72.52;98.79
72.76;97.91
71.82;96.99
71.2;96.68
70.93;94.94
70.72;95.83
69.79;98.51
69.91;98.97
71.28;99.29
72.43;100.1
73.24;100.03
74.1;99.66
74.04;100.84
73.69;101.75
73.52;102.51
73.82;102.75
73.91;101.92
73.63;104.0
72.83;104.34
73.22;105.52
73.6;105.88
74.61;106.12
74.83;109.17
74.6;109.01
75.12;109.43
74.65;109.67
74.75;110.22
74.73;110.89
75.45;109.64
75.6;110.89
75.1;111.37
75.35;109.17
75.53;108.92
74.79;111.5
74.67;112.22
75.76;113.19
75.56;112.32
76.14;112.02
76.22;110.7
76.36;111.74
76.23;111.94
76.3;113.88
76.25;114.43
76.26;115.74
76.66;115.11
76.99;113.7
77.07;114.39
76.69;110.98
76.95;109.38
75.76;111.23
74.78;109.89
75.3;107.85
75.01;110.12
74.26;109.73
74.09;108.42
73.95;107.45
73.55;107.45
73.21;104.81
72.81;106.08
72.06;108.81
71.97;110.39
72.98;108.66
73.55;104.5
72.95;103.4
71.71;103.55
70.74;102.41
70.47;102.7
69.55;104.04
69.99;103.88
70.53;103.16
70.5;101.94
70.18;99.9
69.93;97.88
69.28;97.36
68.18;96.53
67.59;96.28
66.82;96.93
67.34;98.43
68.18;95.54
69.39;96.15
69.17;91.09
69.34;91.16
68.0;89.77
67.13;91.21
66.0;94.0
66.14;92.44
67.23;93.39
67.16;91.5
67.99;90.74
67.45;92.96
67.21;92.31
68.03;90.34
67.83;92.3
67.15;92.58
67.19;91.09
67.85;89.37
67.25;89.56
66.23;86.19
66.41;87.61
65.83;88.43
65.89;90.13
66.11;92.65
66.69;92.33
67.56;92.17
67.7;93.49
67.75;92.53
68.67;92.58
68.51;92.79
68.58;92.46
68.44;92.67
68.33;94.73
68.35;94.1
69.04;95.87
68.59;95.54
68.85;96.42
69.17;94.9
68.86;94.74
67.84;94.14
67.78;95.01
66.83;95.86
67.16;95.3
67.79;95.5
67.99;96.62
68.44;96.24
69.23;95.52
68.92;94.66
68.41;93.94
67.53;94.31
66.79;95.16
66.67;95.23
67.16;95.95
67.28;96.34
67.67;96.11
67.61;95.73
67.29;94.1
67.14;94.57
65.93;93.29
65.45;93.54
64.8;93.39
64.57;94.44
64.32;96.51
64.92;95.68
65.95;95.64
65.65;98.45
65.55;99.57
65.94;100.18
66.44;99.83
66.57;100.67
66.55;101.45
66.84;101.76
66.9;102.13
67.33;100.92
67.4;100.17
67.08;101.24
66.43;100.68
67.23;100.57
67.19;101.79
67.2;102.39
67.66;102.19
67.9;103.41
67.55;99.23
67.62;98.67
67.0;97.52
66.56;97.36
66.23;96.95
65.76;96.04
65.71;95.47
65.42;96.8
65.43;96.22
66.04;96.54
65.88;96.88
65.94;96.83
66.28;97.29
66.41;96.25
66.53;95.58
66.57;95.77
66.46;95.8
66.25;95.83
66.35;95.41
66.99;95.11
67.15;94.92
67.51;94.43
67.27;94.65
66.91;95.46
66.96;95.33
67.38;95.44
67.72;96.04
68.19;96.59
68.5;95.87
69.56;95.84
69.56;96.06
70.03;92.86
70.88;91.56
70.19;93.18
69.14;94.08
69.31;94.9
69.59;95.1
70.2;94.74
70.67;95.51
70.45;96.16
70.27;97.35
70.5;97.7
71.27;97.91
71.95;97.6
71.96;97.69
71.5;97.52
71.41;97.86
71.02;97.2
70.87;95.98
70.71;95.77
69.78;95.48
68.89;95.17
68.45;94.48
67.8;94.13
67.56;93.72
67.22;93.76
67.11;93.36
66.97;92.84
66.56;93.9
65.74;92.99
66.12;93.64
66.1;93.56
66.67;94.46
66.57;95.63
66.73;95.54
67.14;94.63
67.12;94.88
66.64;94.67
66.55;94.66
66.41;94.44
65.93;94.19
65.62;93.68
65.69;93.78
65.48;93.63
65.24;93.37
65.45;93.04
65.32;92.7
65.06;92.69
64.77;92.3
64.78;92.11
64.56;92.26
64.43;91.66
63.8;91.57
63.65;91.94
63.41;90.31
63.96;91.5
63.85;90.58
63.9;90.15
63.76;90.39
63.5;90.45
63.03;90.51
63.2;90.83
63.47;90.28
63.61;91.28
63.34;91.14
63.53;89.86
63.74;89.63
63.64;90.09
63.42;89.7
63.8;90.74
63.63;90.38
63.85;90.48
64.23;90.34
64.09;90.71
64.3;90.38
64.32;90.38
64.0;89.76
64.01;89.32
64.0;89.04
63.87;89.22
64.39;88.76
64.7;89.09
64.92;89.83
65.4;89.93
65.48;90.91
65.59;91.24
65.89;90.63
65.74;91.36
65.6;91.87
66.01;91.71
66.5;90.57
67.0;90.28
67.38;89.81
67.32;91.24
66.52;90.34
66.85;92.27
66.85;92.22
67.76;92.48
68.09;92.79
68.4;95.45
68.36;95.68
69.33;95.47
69.81;96.86
69.86;97.1
69.92;96.0
70.07;95.4
69.67;95.48
69.59;96.02
69.75;96.56
70.0;96.71
70.25;97.39
69.97;96.86
69.94;96.68
69.83;96.25
69.67;97.68
69.44;98.36
69.71;99.66
70.02;101.8
70.63;103.26
71.5;102.47
72.18;102.26
72.4;102.46
72.48;102.79
72.33;102.32
72.36;103.69
72.07;103.85
72.58;103.94
72.53;103.81
72.24;103.54
71.92;103.56
71.57;102.7
71.19;102.96
70.9;102.62
